<profile version="1.0">
  <option name="myName" value="Default" />
  <inspection_tool class="PyAttributeOutsideInitInspection" enabled="false" level="WEAK WARNING" enabled_by_default="false" />
  <inspection_tool class="PyPackageRequirementsInspection" enabled="false" level="WARNING" enabled_by_default="false">
    <option name="ignoredPackages">
      <value>
        <list size="6">
          <item index="0" class="java.lang.String" itemvalue="pandas" />
          <item index="1" class="java.lang.String" itemvalue="python-dateutil" />
          <item index="2" class="java.lang.String" itemvalue="psycopg2" />
          <item index="3" class="java.lang.String" itemvalue="psycopg2-binary" />
          <item index="4" class="java.lang.String" itemvalue="numpy" />
          <item index="5" class="java.lang.String" itemvalue="pytz" />
        </list>
      </value>
    </option>
  </inspection_tool>
  <inspection_tool class="PyPep8Inspection" enabled="true" level="WEAK WARNING" enabled_by_default="true">
    <option name="ignoredErrors">
      <list>
        <option value="E501" />
        <option value="E303" />
      </list>
    </option>
  </inspection_tool>
  <inspection_tool class="PyUnreachableCodeInspection" enabled="false" level="WARNING" enabled_by_default="false" />
  <inspection_tool class="PyUnresolvedReferencesInspection" enabled="true" level="WARNING" enabled_by_default="true">
    <option name="ignoredIdentifiers">
      <list>
        <option value="src.integrity3.sql_tasks_3.integrity3" />
        <option value="integrity3.sql.datablock.job_params" />
      </list>
    </option>
  </inspection_tool>
</profile>